{
  "activateSkinCapeForUserVersion": false,
  "skipHashsumValidation": false,
  "additionalFiles": [
    {
      "sha1": "8c5a95cbce940cfdb304376ae9fea47968d02587",
      "size": 10436626,
      "path": "libraries/net/minecraft/client/1.20.1-20230612.114412/client-1.20.1-20230612.114412-extra.jar",
      "url": "http://res.tlauncher.org/unb/libraries/cache/net/minecraft/client/1.20.1-20230612.114412/client-1.20.1-20230612.114412-extra.jar"
    },
    {
      "sha1": "de86b035d2da0f78940796bb95c39a932ed84834",
      "size": 12592249,
      "path": "libraries/net/minecraft/client/1.20.1-20230612.114412/client-1.20.1-20230612.114412-slim.jar",
      "url": "http://res.tlauncher.org/unb/libraries/cache/net/minecraft/client/1.20.1-20230612.114412/client-1.20.1-20230612.114412-slim.jar"
    },
    {
      "sha1": "6c48521eed01fe2e8ecdadbd5ae348415f3c47da",
      "size": 8001795,
      "path": "libraries/net/minecraft/client/1.20.1-20230612.114412/client-1.20.1-20230612.114412-mappings.txt",
      "url": "http://res.tlauncher.org/unb/libraries/cache/net/minecraft/client/1.20.1-20230612.114412/client-1.20.1-20230612.114412-mappings.txt"
    },
    {
      "sha1": "3c8aa19b710a3a68f721210eb69b74594d13e218",
      "size": 18842082,
      "path": "libraries/net/minecraft/client/1.20.1-20230612.114412/client-1.20.1-20230612.114412-srg.jar",
      "url": "http://res.tlauncher.org/unb/libraries/cache/net/minecraft/client/1.20.1-20230612.114412/client-1.20.1-20230612.114412-srg.jar"
    },
    {
      "sha1": "2025ebea355a78ec304b505fa70fd5d4a8f0ce67",
      "size": 2686140,
      "path": "libraries/net/minecraftforge/forge/1.20.1-47.2.30/forge-1.20.1-47.2.30-universal.jar",
      "url": "http://res.tlauncher.org/unb/libraries/cache/net/minecraftforge/forge/1.20.1-47.2.30/forge-1.20.1-47.2.30-universal.jar"
    },
    {
      "sha1": "9a8f025b126f9098a8a0f5b81a2f11e4094f00b5",
      "size": 4792908,
      "path": "libraries/net/minecraftforge/forge/1.20.1-47.2.30/forge-1.20.1-47.2.30-client.jar",
      "url": "http://res.tlauncher.org/unb/libraries/cache/net/minecraftforge/forge/1.20.1-47.2.30/forge-1.20.1-47.2.30-client.jar"
    },
    {
      "sha1": "34b7d69dcc2b769d597be488ba457877f9d57cd9",
      "size": 118685,
      "path": "libraries/net/minecraftforge/fmlcore/1.20.1-47.2.30/fmlcore-1.20.1-47.2.30.jar",
      "url": "http://res.tlauncher.org/unb/libraries/cache/net/minecraftforge/fmlcore/1.20.1-47.2.30/fmlcore-1.20.1-47.2.30.jar"
    },
    {
      "sha1": "306080746b55301f533d17a1f75c0416bfa6425d",
      "size": 16515,
      "path": "libraries/net/minecraftforge/javafmllanguage/1.20.1-47.2.30/javafmllanguage-1.20.1-47.2.30.jar",
      "url": "http://res.tlauncher.org/unb/libraries/cache/net/minecraftforge/javafmllanguage/1.20.1-47.2.30/javafmllanguage-1.20.1-47.2.30.jar"
    },
    {
      "sha1": "66fae321e7c1e488bb0a63661153f415efa06665",
      "size": 4999,
      "path": "libraries/net/minecraftforge/mclanguage/1.20.1-47.2.30/mclanguage-1.20.1-47.2.30.jar",
      "url": "http://res.tlauncher.org/unb/libraries/cache/net/minecraftforge/mclanguage/1.20.1-47.2.30/mclanguage-1.20.1-47.2.30.jar"
    },
    {
      "sha1": "ed4251688f57da24ffceb91f85693e28171bc4de",
      "size": 7398,
      "path": "libraries/net/minecraftforge/lowcodelanguage/1.20.1-47.2.30/lowcodelanguage-1.20.1-47.2.30.jar",
      "url": "http://res.tlauncher.org/unb/libraries/cache/net/minecraftforge/lowcodelanguage/1.20.1-47.2.30/lowcodelanguage-1.20.1-47.2.30.jar"
    }
  ],
  "tlauncherVersion": 0,
  "modpack": {
    "modpackMemory": false,
    "memory": 0,
    "id": -121717076330800,
    "name": "Craft to Exile 2 0.5.21",
    "favorite": false,
    "version": {
      "mods": [
        {
          "stateGameElement": "active",
          "id": 10000020,
          "name": "TL skin and cape",
          "author": "tlauncher.org",
          "uuid": "cd3ef9ea-62dd-11e6-b39e-002590a1379b",
          "linkProject": "https://tlauncher.org",
          "favorite": false,
          "categories": [],
          "picture": 73988,
          "pictures": [
            73990,
            73989
          ],
          "lanName": "tl-skin-and-cape",
          "version": {
            "id": 11005070,
            "name": "1.32",
            "updateDate": 1688572437000,
            "type": "release",
            "gameVersionsDTO": [
              {
                "id": 46,
                "name": "1.20.1"
              },
              {
                "id": 45,
                "name": "1.20"
              }
            ],
            "metadata": {
              "sha1": "b7df8fec6b076b9b1755754f03fde08349d221d1",
              "size": 715179,
              "path": "mods/tl_skin_cape_forge_1.20_1.20.1-1.32.jar",
              "url": "/mods/23168708/11005069/tl_skin_cape_forge_1.20_1.20.1-1.32.jar"
            },
            "available": false,
            "minecraftVersionTypes": [
              {
                "id": 1,
                "name": "forge"
              }
            ]
          },
          "downloadMonth": 332992,
          "userInstall": false,
          "populateStatus": false,
          "dependencies": [],
          "lastGameVersion": {
            "id": 49,
            "name": "1.20.4"
          },
          "updated": 1712832985000,
          "update": 1712832985000,
          "downloadALL": 283985534,
          "available": true,
          "parser": false,
          "totalComments": 0,
          "adult": false
        },
        {
          "stateGameElement": "active",
          "id": 238222,
          "name": "Just Enough Items (JEI)",
          "author": "mezz",
          "linkProject": "https://www.curseforge.com/minecraft/mc-mods/jei",
          "favorite": false,
          "categories": [
            {
              "id": 6,
              "name": "map_information",
              "shortName": "maps",
              "nesting": 0
            },
            {
              "id": 7,
              "name": "library_api",
              "shortName": "api",
              "nesting": 0
            }
          ],
          "picture": 451501,
          "pictures": [
            24069,
            24081,
            24089,
            24074
          ],
          "lanName": "jei",
          "version": {
            "id": 5101366,
            "name": "jei-1.20.1-forge-15.3.0.4",
            "updateDate": 1707725515000,
            "type": "beta",
            "gameVersionsDTO": [
              {
                "id": 46,
                "name": "1.20.1"
              }
            ],
            "metadata": {
              "sha1": "1a431d34991d51998f9971c4291bac2d58eaa154",
              "size": 1127828,
              "path": "mods/jei-1.20.1-forge-15.3.0.4.jar",
              "url": "/mods/238222/5101366/jei-1.20.1-forge-15.3.0.4.jar"
            },
            "available": false,
            "minecraftVersionTypes": [
              {
                "id": 1,
                "name": "forge"
              }
            ]
          },
          "downloadMonth": 74909,
          "userInstall": false,
          "populateStatus": false,
          "dependencies": [],
          "lastGameVersion": {
            "id": 49,
            "name": "1.20.4"
          },
          "updated": 1707858000000,
          "update": 1707858000000,
          "downloadALL": 62251417,
          "available": true,
          "parser": true,
          "totalComments": 0,
          "adult": false
        },
        {
          "stateGameElement": "active",
          "id": 9999999,
          "name": "OptiFine",
          "author": "OptiFine.net",
          "uuid": "cd3ef9ea-62dd-11e6-b39e-002590a1379b",
          "linkProject": "https://optifine.net",
          "favorite": false,
          "categories": [
            {
              "id": 22,
              "name": "mc_miscellaneous",
              "shortName": "mixed",
              "nesting": 0
            }
          ],
          "picture": 52103,
          "pictures": [],
          "lanName": "optifine",
          "version": {
            "id": 11007362,
            "name": "1.20.1_HD_U_I6_pre6",
            "updateDate": 1702194388000,
            "type": "release",
            "gameVersionsDTO": [
              {
                "id": 46,
                "name": "1.20.1"
              }
            ],
            "metadata": {
              "sha1": "445b32b14a2c2802d5a0832a708712d2fabafbc2",
              "size": 7145056,
              "path": "mods/preview_OptiFine_1.20.1_HD_U_I6_pre6.jar",
              "url": "/mods/23762020/11007361/preview_OptiFine_1.20.1_HD_U_I6_pre6.jar"
            },
            "available": false,
            "minecraftVersionTypes": [
              {
                "id": 1,
                "name": "forge"
              }
            ]
          },
          "downloadMonth": 106929,
          "userInstall": false,
          "populateStatus": false,
          "dependencies": [],
          "lastGameVersion": {
            "id": 46,
            "name": "1.20.1"
          },
          "updated": 1711111591000,
          "update": 1711111591000,
          "downloadALL": 62422261,
          "available": true,
          "parser": false,
          "totalComments": 0,
          "adult": false
        },
        {
          "stateGameElement": "active",
          "id": 32274,
          "name": "JourneyMap",
          "author": "techbrew",
          "linkProject": "https://www.curseforge.com/minecraft/mc-mods/journeymap",
          "favorite": false,
          "categories": [
            {
              "id": 6,
              "name": "map_information",
              "shortName": "maps",
              "nesting": 0
            }
          ],
          "picture": 451907,
          "pictures": [],
          "lanName": "journeymap",
          "version": {
            "id": 5211253,
            "name": "journeymap-1.20.1-5.9.20-forge",
            "updateDate": 1711399235000,
            "type": "release",
            "gameVersionsDTO": [
              {
                "id": 46,
                "name": "1.20.1"
              }
            ],
            "metadata": {
              "sha1": "831afc89c7e46efcf6643de55e958c67511f83e2",
              "size": 7138304,
              "path": "mods/journeymap-1.20.1-5.9.20-forge.jar",
              "url": "/mods/32274/5211253/journeymap-1.20.1-5.9.20-forge.jar"
            },
            "available": false,
            "minecraftVersionTypes": [
              {
                "id": 1,
                "name": "forge"
              }
            ]
          },
          "downloadMonth": 40310,
          "userInstall": false,
          "populateStatus": false,
          "dependencies": [
            {
              "gameType": "mod",
              "id": 5027,
              "name": "JourneyMap Tools",
              "gameEntityId": 226005,
              "dependencyType": "tools"
            }
          ],
          "lastGameVersion": {
            "id": 49,
            "name": "1.20.4"
          },
          "updated": 1713387600000,
          "update": 1713387600000,
          "downloadALL": 34504026,
          "available": true,
          "parser": true,
          "totalComments": 0,
          "adult": false
        },
        {
          "stateGameElement": "active",
          "id": 349559,
          "name": "FallingTree (Forge&Fabric)",
          "author": "raksrinana",
          "linkProject": "https://www.curseforge.com/minecraft/mc-mods/falling-tree",
          "favorite": false,
          "categories": [
            {
              "id": 22,
              "name": "mc_miscellaneous",
              "shortName": "mixed",
              "nesting": 0
            },
            {
              "id": 23,
              "name": "world_ores_resources",
              "shortName": "ores",
              "nesting": 0
            },
            {
              "id": 10,
              "name": "technology_farming",
              "shortName": "farming",
              "nesting": 0
            }
          ],
          "picture": 465973,
          "pictures": [],
          "lanName": "falling-tree",
          "version": {
            "id": 5010620,
            "name": "FallingTree-1.20.1-4.3.4",
            "updateDate": 1704486780000,
            "type": "release",
            "gameVersionsDTO": [
              {
                "id": 46,
                "name": "1.20.1"
              }
            ],
            "metadata": {
              "sha1": "44d15ae2074b761597e8b8de5846cb2f98f64d25",
              "size": 420179,
              "path": "mods/FallingTree-1.20.1-4.3.4.jar",
              "url": "/mods/349559/5010620/FallingTree-1.20.1-4.3.4.jar"
            },
            "available": false,
            "minecraftVersionTypes": [
              {
                "id": 2,
                "name": "fabric"
              },
              {
                "id": 1,
                "name": "forge"
              }
            ]
          },
          "downloadMonth": 20469,
          "userInstall": false,
          "populateStatus": false,
          "dependencies": [],
          "lastGameVersion": {
            "id": 49,
            "name": "1.20.4"
          },
          "updated": 1704488400000,
          "update": 1704488400000,
          "downloadALL": 18856211,
          "available": true,
          "parser": true,
          "totalComments": 0,
          "adult": false
        },
        {
          "stateGameElement": "active",
          "id": 321117,
          "name": "Traveler's Backpack",
          "author": "tiviacz1337",
          "linkProject": "https://www.curseforge.com/minecraft/mc-mods/travelers-backpack",
          "favorite": false,
          "categories": [
            {
              "id": 83,
              "name": "storage",
              "shortName": "storage",
              "nesting": 0
            },
            {
              "id": 4,
              "name": "armor_weapons_tools",
              "shortName": "military",
              "nesting": 0
            },
            {
              "id": 2,
              "name": "adventure_rpg",
              "shortName": "rpg",
              "nesting": 0
            },
            {
              "id": 3,
              "name": "cosmetic",
              "shortName": "cosmetic",
              "nesting": 0
            }
          ],
          "picture": 451392,
          "pictures": [
            337611,
            268304,
            268305,
            335415,
            268306
          ],
          "lanName": "travelers-backpack",
          "version": {
            "id": 5189440,
            "name": "travelersbackpack-forge-1.20.1-9.1.13",
            "updateDate": 1710682845000,
            "type": "release",
            "gameVersionsDTO": [
              {
                "id": 46,
                "name": "1.20.1"
              }
            ],
            "metadata": {
              "sha1": "94dab9a5e596de73be5aab52d1a4edae4f785992",
              "size": 977910,
              "path": "mods/travelersbackpack-forge-1.20.1-9.1.13.jar",
              "url": "/mods/321117/5189440/travelersbackpack-forge-1.20.1-9.1.13.jar"
            },
            "available": false,
            "minecraftVersionTypes": [
              {
                "id": 1,
                "name": "forge"
              }
            ]
          },
          "downloadMonth": 17622,
          "userInstall": false,
          "populateStatus": false,
          "dependencies": [],
          "lastGameVersion": {
            "id": 49,
            "name": "1.20.4"
          },
          "updated": 1710622800000,
          "update": 1710622800000,
          "downloadALL": 19375547,
          "available": true,
          "parser": true,
          "totalComments": 0,
          "adult": false
        },
        {
          "stateGameElement": "active",
          "id": 263420,
          "name": "Xaero's Minimap",
          "author": "xaero96",
          "linkProject": "https://www.curseforge.com/minecraft/mc-mods/xaeros-minimap",
          "favorite": false,
          "categories": [
            {
              "id": 21,
              "name": "technology_player_transport",
              "shortName": "transport",
              "nesting": 0
            },
            {
              "id": 6,
              "name": "map_information",
              "shortName": "maps",
              "nesting": 0
            }
          ],
          "picture": 451479,
          "pictures": [],
          "lanName": "xaeros-minimap",
          "version": {
            "id": 5262365,
            "name": "Xaeros_Minimap_24.1.1_Forge_1.20",
            "updateDate": 1713101499000,
            "type": "beta",
            "gameVersionsDTO": [
              {
                "id": 46,
                "name": "1.20.1"
              },
              {
                "id": 45,
                "name": "1.20"
              }
            ],
            "metadata": {
              "sha1": "3d1d458f93545d342415ba417d36a2262973d10e",
              "size": 1442805,
              "path": "mods/Xaeros_Minimap_24.1.1_Forge_1.20.jar",
              "url": "/mods/263420/5262365/Xaeros_Minimap_24.1.1_Forge_1.20.jar"
            },
            "available": false,
            "minecraftVersionTypes": [
              {
                "id": 1,
                "name": "forge"
              }
            ]
          },
          "downloadMonth": 33245,
          "userInstall": false,
          "populateStatus": false,
          "dependencies": [],
          "lastGameVersion": {
            "id": 49,
            "name": "1.20.4"
          },
          "updated": 1713042000000,
          "update": 1713042000000,
          "downloadALL": 18806984,
          "available": true,
          "parser": true,
          "totalComments": 0,
          "adult": false
        },
        {
          "stateGameElement": "active",
          "id": 280294,
          "name": "FPS Reducer",
          "author": "bre2el",
          "linkProject": "https://www.curseforge.com/minecraft/mc-mods/fps-reducer",
          "favorite": false,
          "categories": [
            {
              "id": 22,
              "name": "mc_miscellaneous",
              "shortName": "mixed",
              "nesting": 0
            }
          ],
          "picture": 477874,
          "pictures": [],
          "lanName": "fps-reducer",
          "version": {
            "id": 4586784,
            "name": "FpsReducer2-forge-1.20-2.5",
            "updateDate": 1686690000000,
            "type": "release",
            "gameVersionsDTO": [
              {
                "id": 46,
                "name": "1.20.1"
              },
              {
                "id": 45,
                "name": "1.20"
              }
            ],
            "metadata": {
              "sha1": "d7d5af20faa2bd7012aa2d34b5804324aa273092",
              "size": 125347,
              "path": "mods/FpsReducer2-forge-1.20-2.5.jar",
              "url": "/mods/280294/4586784/FpsReducer2-forge-1.20-2.5.jar"
            },
            "available": false,
            "minecraftVersionTypes": [
              {
                "id": 1,
                "name": "forge"
              }
            ]
          },
          "downloadMonth": 15661,
          "userInstall": false,
          "populateStatus": false,
          "dependencies": [],
          "lastGameVersion": {
            "id": 50,
            "name": "1.20.5"
          },
          "updated": 1703019600000,
          "update": 1703019600000,
          "downloadALL": 13840064,
          "available": true,
          "parser": true,
          "totalComments": 0,
          "adult": false
        },
        {
          "stateGameElement": "active",
          "id": 388172,
          "name": "GeckoLib",
          "author": "spectralstudiosminecraft",
          "uuid": "7d6a72e4-c34d-11ea-8f8c-b42e996a7d7a",
          "linkProject": "https://www.curseforge.com/minecraft/mc-mods/geckolib",
          "favorite": false,
          "categories": [
            {
              "id": 7,
              "name": "library_api",
              "shortName": "api",
              "nesting": 0
            }
          ],
          "picture": 519165,
          "pictures": [],
          "lanName": "geckolib",
          "version": {
            "id": 5188427,
            "name": "geckolib-forge-1.20.1-4.4.4",
            "updateDate": 1710642480000,
            "type": "release",
            "gameVersionsDTO": [
              {
                "id": 46,
                "name": "1.20.1"
              }
            ],
            "metadata": {
              "sha1": "29dccfe1f985d3efdcd56d24ce4fe0ccc28cee7f",
              "size": 989964,
              "path": "mods/geckolib-forge-1.20.1-4.4.4.jar",
              "url": "/mods/388172/5188427/geckolib-forge-1.20.1-4.4.4.jar"
            },
            "available": false,
            "minecraftVersionTypes": [
              {
                "id": 1,
                "name": "forge"
              }
            ]
          },
          "downloadMonth": 638,
          "userInstall": false,
          "populateStatus": false,
          "dependencies": [],
          "lastGameVersion": {
            "id": 49,
            "name": "1.20.4"
          },
          "updated": 1710622800000,
          "update": 1710622800000,
          "downloadALL": 7258898,
          "available": true,
          "parser": true,
          "totalComments": 0,
          "adult": false
        },
        {
          "stateGameElement": "active",
          "id": 274259,
          "name": "Carry On",
          "author": "Tschipp Purplicious_Cow",
          "linkProject": "https://www.curseforge.com/minecraft/mc-mods/carry-on",
          "favorite": false,
          "categories": [
            {
              "id": 83,
              "name": "storage",
              "shortName": "storage",
              "nesting": 0
            },
            {
              "id": 5,
              "name": "technology",
              "shortName": "technology",
              "nesting": 0
            }
          ],
          "picture": 457264,
          "pictures": [
            17751,
            17737,
            17743
          ],
          "lanName": "carry-on",
          "version": {
            "id": 4882500,
            "name": "carryon-forge-1.20.1-2.1.2.7",
            "updateDate": 1700433128000,
            "type": "release",
            "gameVersionsDTO": [
              {
                "id": 46,
                "name": "1.20.1"
              },
              {
                "id": 45,
                "name": "1.20"
              }
            ],
            "metadata": {
              "sha1": "9999714ca3dd2f2401f0396ca44f3b27c3784c4f",
              "size": 439457,
              "path": "mods/carryon-forge-1.20.1-2.1.2.7.jar",
              "url": "/mods/274259/4882500/carryon-forge-1.20.1-2.1.2.7.jar"
            },
            "available": false,
            "minecraftVersionTypes": [
              {
                "id": 1,
                "name": "forge"
              }
            ]
          },
          "downloadMonth": 18088,
          "userInstall": false,
          "populateStatus": false,
          "dependencies": [],
          "lastGameVersion": {
            "id": 49,
            "name": "1.20.4"
          },
          "updated": 1709067600000,
          "update": 1709067600000,
          "downloadALL": 15444890,
          "available": true,
          "parser": true,
          "totalComments": 0,
          "adult": false
        },
        {
          "stateGameElement": "active",
          "id": 248787,
          "name": "AppleSkin",
          "author": "squeek502",
          "uuid": "dfb0b67e-cae4-11ec-b2ce-f02f74958c02",
          "linkProject": "https://www.curseforge.com/minecraft/mc-mods/appleskin",
          "favorite": false,
          "categories": [
            {
              "id": 6,
              "name": "map_information",
              "shortName": "maps",
              "nesting": 0
            },
            {
              "id": 24,
              "name": "mc_food",
              "shortName": "food",
              "nesting": 0
            }
          ],
          "picture": 486901,
          "pictures": [],
          "lanName": "appleskin",
          "version": {
            "id": 4770828,
            "name": "appleskin-forge-mc1.20.1-2.5.1",
            "updateDate": 1695789589000,
            "type": "release",
            "gameVersionsDTO": [
              {
                "id": 46,
                "name": "1.20.1"
              }
            ],
            "metadata": {
              "sha1": "81919356f84eab14258db98924b66c3c38e372b1",
              "size": 47428,
              "path": "mods/appleskin-forge-mc1.20.1-2.5.1.jar",
              "url": "/mods/248787/4770828/appleskin-forge-mc1.20.1-2.5.1.jar"
            },
            "available": false,
            "minecraftVersionTypes": [
              {
                "id": 1,
                "name": "forge"
              }
            ]
          },
          "downloadMonth": 7231,
          "userInstall": false,
          "populateStatus": false,
          "dependencies": [],
          "lastGameVersion": {
            "id": 49,
            "name": "1.20.4"
          },
          "updated": 1705525200000,
          "update": 1705525200000,
          "downloadALL": 9621329,
          "available": true,
          "parser": true,
          "totalComments": 0,
          "adult": false
        }
      ],
      "resourcePacks": [],
      "maps": [],
      "shaderpacks": [],
      "gameVersionDTO": {
        "id": 46,
        "name": "1.20.1"
      },
      "minecraftVersionName": {
        "id": 3709,
        "name": "47.2.30"
      },
      "id": -121717076348501,
      "name": "1.0",
      "available": false,
      "minecraftVersionTypes": [
        {
          "id": 1,
          "name": "forge"
        }
      ]
    },
    "userInstall": false,
    "populateStatus": false,
    "available": false,
    "parser": false,
    "totalComments": 0
  },
  "source": "local_version_repo",
  "jar": "1.20.1",
  "skinVersion": true
}