{
  "activateSkinCapeForUserVersion": false,
  "skipHashsumValidation": false,
  "additionalFiles": [
    {
      "sha1": "8c5a95cbce940cfdb304376ae9fea47968d02587",
      "size": 10436626,
      "path": "libraries/net/minecraft/client/1.20.1-20230612.114412/client-1.20.1-20230612.114412-extra.jar",
      "url": "http://res.tlauncher.org/unb/libraries/cache/net/minecraft/client/1.20.1-20230612.114412/client-1.20.1-20230612.114412-extra.jar"
    },
    {
      "sha1": "de86b035d2da0f78940796bb95c39a932ed84834",
      "size": 12592249,
      "path": "libraries/net/minecraft/client/1.20.1-20230612.114412/client-1.20.1-20230612.114412-slim.jar",
      "url": "http://res.tlauncher.org/unb/libraries/cache/net/minecraft/client/1.20.1-20230612.114412/client-1.20.1-20230612.114412-slim.jar"
    },
    {
      "sha1": "6c48521eed01fe2e8ecdadbd5ae348415f3c47da",
      "size": 8001795,
      "path": "libraries/net/minecraft/client/1.20.1-20230612.114412/client-1.20.1-20230612.114412-mappings.txt",
      "url": "http://res.tlauncher.org/unb/libraries/cache/net/minecraft/client/1.20.1-20230612.114412/client-1.20.1-20230612.114412-mappings.txt"
    },
    {
      "sha1": "3c8aa19b710a3a68f721210eb69b74594d13e218",
      "size": 18842082,
      "path": "libraries/net/minecraft/client/1.20.1-20230612.114412/client-1.20.1-20230612.114412-srg.jar",
      "url": "http://res.tlauncher.org/unb/libraries/cache/net/minecraft/client/1.20.1-20230612.114412/client-1.20.1-20230612.114412-srg.jar"
    },
    {
      "sha1": "2025ebea355a78ec304b505fa70fd5d4a8f0ce67",
      "size": 2686140,
      "path": "libraries/net/minecraftforge/forge/1.20.1-47.2.30/forge-1.20.1-47.2.30-universal.jar",
      "url": "http://res.tlauncher.org/unb/libraries/cache/net/minecraftforge/forge/1.20.1-47.2.30/forge-1.20.1-47.2.30-universal.jar"
    },
    {
      "sha1": "9a8f025b126f9098a8a0f5b81a2f11e4094f00b5",
      "size": 4792908,
      "path": "libraries/net/minecraftforge/forge/1.20.1-47.2.30/forge-1.20.1-47.2.30-client.jar",
      "url": "http://res.tlauncher.org/unb/libraries/cache/net/minecraftforge/forge/1.20.1-47.2.30/forge-1.20.1-47.2.30-client.jar"
    },
    {
      "sha1": "34b7d69dcc2b769d597be488ba457877f9d57cd9",
      "size": 118685,
      "path": "libraries/net/minecraftforge/fmlcore/1.20.1-47.2.30/fmlcore-1.20.1-47.2.30.jar",
      "url": "http://res.tlauncher.org/unb/libraries/cache/net/minecraftforge/fmlcore/1.20.1-47.2.30/fmlcore-1.20.1-47.2.30.jar"
    },
    {
      "sha1": "306080746b55301f533d17a1f75c0416bfa6425d",
      "size": 16515,
      "path": "libraries/net/minecraftforge/javafmllanguage/1.20.1-47.2.30/javafmllanguage-1.20.1-47.2.30.jar",
      "url": "http://res.tlauncher.org/unb/libraries/cache/net/minecraftforge/javafmllanguage/1.20.1-47.2.30/javafmllanguage-1.20.1-47.2.30.jar"
    },
    {
      "sha1": "66fae321e7c1e488bb0a63661153f415efa06665",
      "size": 4999,
      "path": "libraries/net/minecraftforge/mclanguage/1.20.1-47.2.30/mclanguage-1.20.1-47.2.30.jar",
      "url": "http://res.tlauncher.org/unb/libraries/cache/net/minecraftforge/mclanguage/1.20.1-47.2.30/mclanguage-1.20.1-47.2.30.jar"
    },
    {
      "sha1": "ed4251688f57da24ffceb91f85693e28171bc4de",
      "size": 7398,
      "path": "libraries/net/minecraftforge/lowcodelanguage/1.20.1-47.2.30/lowcodelanguage-1.20.1-47.2.30.jar",
      "url": "http://res.tlauncher.org/unb/libraries/cache/net/minecraftforge/lowcodelanguage/1.20.1-47.2.30/lowcodelanguage-1.20.1-47.2.30.jar"
    }
  ],
  "tlauncherVersion": 0,
  "modpack": {
    "modpackMemory": false,
    "memory": 0,
    "id": -68982650509800,
    "name": "CronoCraft",
    "favorite": false,
    "version": {
      "mods": [
        {
          "stateGameElement": "active",
          "id": 309927,
          "name": "Curios API (ForgeNeoForge)",
          "author": "TheIllusiveC4",
          "linkProject": "https://www.curseforge.com/minecraft/mc-mods/curios",
          "favorite": false,
          "categories": [
            {
              "id": 55,
              "name": "adventure_and_rpg",
              "shortName": "roleplay",
              "nesting": 0
            },
            {
              "id": 4,
              "name": "armor_weapons_tools",
              "shortName": "military",
              "nesting": 0
            },
            {
              "id": 7,
              "name": "library_api",
              "shortName": "api",
              "nesting": 0
            }
          ],
          "picture": 456666,
          "pictures": [],
          "lanName": "curios",
          "version": {
            "id": 5266541,
            "name": "curios-forge-5.8.1+1.20.1",
            "updateDate": 1713229305000,
            "type": "release",
            "gameVersionsDTO": [
              {
                "id": 46,
                "name": "1.20.1"
              },
              {
                "id": 45,
                "name": "1.20"
              }
            ],
            "metadata": {
              "sha1": "987f67849c688cbedaf33439dc95e1c300f5feaf",
              "size": 380722,
              "path": "mods/curios-forge-5.8.1+1.20.1.jar",
              "url": "/mods/309927/5266541/curios-forge-5.8.1+1.20.1.jar"
            },
            "available": false,
            "minecraftVersionTypes": [
              {
                "id": 1,
                "name": "forge"
              }
            ]
          },
          "downloadMonth": 343,
          "userInstall": false,
          "populateStatus": false,
          "dependencies": [],
          "lastGameVersion": {
            "id": 49,
            "name": "1.20.4"
          },
          "updated": 1713214800000,
          "update": 1713214800000,
          "downloadALL": 7467046,
          "available": true,
          "parser": true,
          "totalComments": 0,
          "adult": false
        },
        {
          "stateGameElement": "active",
          "id": 398780,
          "name": "Library of Exile",
          "author": "mcrobertx22",
          "linkProject": "https://www.curseforge.com/minecraft/mc-mods/library-of-exile",
          "favorite": false,
          "categories": [
            {
              "id": 7,
              "name": "library_api",
              "shortName": "api",
              "nesting": 0
            }
          ],
          "picture": 518455,
          "pictures": [],
          "lanName": "library-of-exile",
          "version": {
            "id": 4996322,
            "name": "Library_of_Exile-1.20.1-1.4.1",
            "updateDate": 1704016967000,
            "type": "release",
            "gameVersionsDTO": [
              {
                "id": 46,
                "name": "1.20.1"
              },
              {
                "id": 45,
                "name": "1.20"
              }
            ],
            "metadata": {
              "sha1": "9cb1153a777eec0275fbbce589506c5bcdc55c5d",
              "size": 152974,
              "path": "mods/Library_of_Exile-1.20.1-1.4.1.jar",
              "url": "/mods/398780/4996322/Library_of_Exile-1.20.1-1.4.1.jar"
            },
            "available": false,
            "minecraftVersionTypes": [
              {
                "id": 1,
                "name": "forge"
              }
            ]
          },
          "downloadMonth": 0,
          "userInstall": false,
          "populateStatus": false,
          "dependencies": [],
          "lastGameVersion": {
            "id": 46,
            "name": "1.20.1"
          },
          "updated": 1703970000000,
          "update": 1703970000000,
          "downloadALL": 33888,
          "available": true,
          "parser": true,
          "totalComments": 0,
          "adult": false
        },
        {
          "stateGameElement": "active",
          "id": 306575,
          "name": "Mine and Slash",
          "author": "mcrobertx22",
          "linkProject": "https://www.curseforge.com/minecraft/mc-mods/mine-and-slash-reloaded",
          "favorite": false,
          "categories": [
            {
              "id": 17,
              "name": "world_dimensions",
              "shortName": "dimensions",
              "nesting": 0
            },
            {
              "id": 1,
              "name": "magic",
              "shortName": "magic",
              "nesting": 0
            },
            {
              "id": 4,
              "name": "armor_weapons_tools",
              "shortName": "military",
              "nesting": 0
            },
            {
              "id": 2,
              "name": "adventure_rpg",
              "shortName": "rpg",
              "nesting": 0
            }
          ],
          "picture": 456375,
          "pictures": [
            147181,
            147186,
            147182,
            147183,
            147185,
            147184
          ],
          "lanName": "mine-and-slash-reloaded",
          "version": {
            "id": 5112488,
            "name": "Mine_and_Slash-1.20.1-5.3.22",
            "updateDate": 1708085098000,
            "type": "release",
            "gameVersionsDTO": [
              {
                "id": 46,
                "name": "1.20.1"
              },
              {
                "id": 45,
                "name": "1.20"
              }
            ],
            "metadata": {
              "sha1": "b6e0264f012150966e4326704cf1c50f4c5e69f9",
              "size": 8748636,
              "path": "mods/Mine_and_Slash-1.20.1-5.3.22.jar",
              "url": "/mods/306575/5112488/Mine_and_Slash-1.20.1-5.3.22.jar"
            },
            "available": false,
            "minecraftVersionTypes": [
              {
                "id": 1,
                "name": "forge"
              }
            ]
          },
          "downloadMonth": 89,
          "userInstall": false,
          "populateStatus": false,
          "dependencies": [
            {
              "gameType": "mod",
              "id": 9,
              "name": "Curios API (ForgeNeoForge)",
              "gameEntityId": 309927,
              "dependencyType": "required"
            },
            {
              "gameType": "mod",
              "id": 2131,
              "name": "Library of Exile",
              "gameEntityId": 398780,
              "dependencyType": "required"
            }
          ],
          "lastGameVersion": {
            "id": 46,
            "name": "1.20.1"
          },
          "updated": 1708030800000,
          "update": 1708030800000,
          "downloadALL": 95583,
          "available": true,
          "parser": true,
          "totalComments": 0,
          "adult": false
        },
        {
          "stateGameElement": "active",
          "id": 248787,
          "name": "AppleSkin",
          "author": "squeek502",
          "uuid": "dfb0b67e-cae4-11ec-b2ce-f02f74958c02",
          "linkProject": "https://www.curseforge.com/minecraft/mc-mods/appleskin",
          "favorite": false,
          "categories": [
            {
              "id": 6,
              "name": "map_information",
              "shortName": "maps",
              "nesting": 0
            },
            {
              "id": 24,
              "name": "mc_food",
              "shortName": "food",
              "nesting": 0
            }
          ],
          "picture": 486901,
          "pictures": [],
          "lanName": "appleskin",
          "version": {
            "id": 4770828,
            "name": "appleskin-forge-mc1.20.1-2.5.1",
            "updateDate": 1695789589000,
            "type": "release",
            "gameVersionsDTO": [
              {
                "id": 46,
                "name": "1.20.1"
              }
            ],
            "metadata": {
              "sha1": "81919356f84eab14258db98924b66c3c38e372b1",
              "size": 47428,
              "path": "mods/appleskin-forge-mc1.20.1-2.5.1.jar",
              "url": "/mods/248787/4770828/appleskin-forge-mc1.20.1-2.5.1.jar"
            },
            "available": false,
            "minecraftVersionTypes": [
              {
                "id": 1,
                "name": "forge"
              }
            ]
          },
          "downloadMonth": 7231,
          "userInstall": false,
          "populateStatus": false,
          "dependencies": [],
          "lastGameVersion": {
            "id": 49,
            "name": "1.20.4"
          },
          "updated": 1705525200000,
          "update": 1705525200000,
          "downloadALL": 9609000,
          "available": true,
          "parser": true,
          "totalComments": 0,
          "adult": false
        },
        {
          "stateGameElement": "active",
          "id": 264231,
          "name": "Ice and Fire Dragons",
          "author": "alex1the1666 raptorfarian",
          "linkProject": "https://www.curseforge.com/minecraft/mc-mods/ice-and-fire-dragons",
          "favorite": false,
          "categories": [
            {
              "id": 1,
              "name": "magic",
              "shortName": "magic",
              "nesting": 0
            },
            {
              "id": 27,
              "name": "world_structures",
              "shortName": "structures",
              "nesting": 0
            },
            {
              "id": 55,
              "name": "adventure_and_rpg",
              "shortName": "roleplay",
              "nesting": 0
            },
            {
              "id": 21,
              "name": "technology_player_transport",
              "shortName": "transport",
              "nesting": 0
            },
            {
              "id": 13,
              "name": "world_mobs",
              "shortName": "mobs",
              "nesting": 0
            }
          ],
          "picture": 465835,
          "pictures": [
            63509,
            187571,
            50556,
            143568,
            143573,
            22238,
            143572,
            68485,
            143571,
            50554,
            50558,
            50559,
            154336,
            22222,
            68486,
            180958,
            143570,
            50560,
            53814,
            154337,
            50551,
            22264,
            143575,
            53813,
            143574,
            143567,
            50553,
            143569,
            68484,
            50557,
            180959,
            50562,
            143576,
            143579,
            180957,
            143577,
            143580,
            53815,
            50561,
            143578,
            143581,
            50552
          ],
          "lanName": "ice-and-fire-dragonsice-and-fire-dragons405",
          "version": {
            "id": 5122408,
            "name": "iceandfire-2.1.13-1.20.1-beta-4",
            "updateDate": 1708399548000,
            "gameVersionsDTO": [
              {
                "id": 46,
                "name": "1.20.1"
              }
            ],
            "metadata": {
              "sha1": "38a3a731a90713e3744385d7a44524e11378dac0",
              "size": 21767038,
              "path": "mods/iceandfire-2.1.13-1.20.1-beta-4.jar",
              "url": "/mods/264231/5122408/iceandfire-2.1.13-1.20.1-beta-4.jar"
            },
            "available": false,
            "minecraftVersionTypes": [
              {
                "id": 1,
                "name": "forge"
              }
            ]
          },
          "downloadMonth": 23262,
          "userInstall": false,
          "populateStatus": false,
          "dependencies": [],
          "lastGameVersion": {
            "id": 46,
            "name": "1.20.1"
          },
          "updated": 1708376400000,
          "update": 1708376400000,
          "downloadALL": 13449858,
          "available": true,
          "parser": true,
          "totalComments": 0,
          "adult": false
        },
        {
          "stateGameElement": "active",
          "id": 422301,
          "name": "Sophisticated Backpacks",
          "author": "p3pp3rf1y",
          "linkProject": "https://www.curseforge.com/minecraft/mc-mods/sophisticated-backpacks",
          "favorite": false,
          "categories": [
            {
              "id": 83,
              "name": "storage",
              "shortName": "storage",
              "nesting": 0
            },
            {
              "id": 4,
              "name": "armor_weapons_tools",
              "shortName": "military",
              "nesting": 0
            }
          ],
          "picture": 457041,
          "pictures": [
            197502,
            271675,
            193029,
            236987,
            223949,
            236988,
            223956,
            197508,
            223950,
            223955,
            223957,
            197503,
            223954,
            223952,
            223953,
            197501,
            223951,
            197499,
            193622,
            197500,
            197507,
            223947,
            193031,
            193028,
            197505,
            223948,
            193027,
            193624,
            193030,
            193032,
            236986,
            193623,
            197504,
            197506,
            197509
          ],
          "lanName": "sophisticated-backpacks",
          "version": {
            "id": 5240479,
            "name": "sophisticatedbackpacks-1.20.1-3.20.5.1039",
            "updateDate": 1712410433000,
            "type": "release",
            "gameVersionsDTO": [
              {
                "id": 46,
                "name": "1.20.1"
              }
            ],
            "metadata": {
              "sha1": "52c9dc2703f4363bc8698441827ec02293dad836",
              "size": 851762,
              "path": "mods/sophisticatedbackpacks-1.20.1-3.20.5.1039.jar",
              "url": "/mods/422301/5240479/sophisticatedbackpacks-1.20.1-3.20.5.1039.jar"
            },
            "available": false,
            "minecraftVersionTypes": [
              {
                "id": 1,
                "name": "forge"
              }
            ]
          },
          "downloadMonth": 392,
          "userInstall": false,
          "populateStatus": false,
          "dependencies": [
            {
              "gameType": "mod",
              "id": 45,
              "name": "Botania",
              "gameEntityId": 225643,
              "dependencyType": "optional"
            },
            {
              "gameType": "mod",
              "id": 1168,
              "name": "Crafting Tweaks",
              "gameEntityId": 233071,
              "dependencyType": "optional"
            },
            {
              "gameType": "mod",
              "id": 490,
              "name": "Quark",
              "gameEntityId": 243121,
              "dependencyType": "optional"
            },
            {
              "gameType": "mod",
              "id": 4,
              "name": "Just Enough Items (JEI)",
              "gameEntityId": 238222,
              "dependencyType": "optional"
            },
            {
              "gameType": "mod",
              "id": 472,
              "name": "Curios API (ForgeNeoForge)",
              "gameEntityId": 309927,
              "dependencyType": "optional"
            }
          ],
          "lastGameVersion": {
            "id": 46,
            "name": "1.20.1"
          },
          "updated": 1712350800000,
          "update": 1712350800000,
          "downloadALL": 3378584,
          "available": true,
          "parser": true,
          "totalComments": 0,
          "adult": false
        },
        {
          "stateGameElement": "active",
          "id": 225608,
          "name": "WorldEdit",
          "author": "sk89q wizjany",
          "linkProject": "https://www.curseforge.com/minecraft/mc-mods/worldedit",
          "favorite": false,
          "categories": [
            {
              "id": 15,
              "name": "server_utility",
              "shortName": "plugins",
              "nesting": 0
            },
            {
              "id": 6,
              "name": "map_information",
              "shortName": "maps",
              "nesting": 0
            },
            {
              "id": 7,
              "name": "library_api",
              "shortName": "api",
              "nesting": 0
            }
          ],
          "picture": 488610,
          "pictures": [
            19560
          ],
          "lanName": "worldedit",
          "version": {
            "id": 4586218,
            "name": "worldedit-mod-7.2.15",
            "updateDate": 1686690000000,
            "type": "release",
            "gameVersionsDTO": [
              {
                "id": 46,
                "name": "1.20.1"
              },
              {
                "id": 45,
                "name": "1.20"
              }
            ],
            "metadata": {
              "sha1": "9c52765ca56f917ef8cbafc20e9a4f45c346508f",
              "size": 5825402,
              "path": "mods/worldedit-mod-7.2.15.jar",
              "url": "/mods/225608/4586218/worldedit-mod-7.2.15.jar"
            },
            "available": false,
            "minecraftVersionTypes": [
              {
                "id": 2,
                "name": "fabric"
              },
              {
                "id": 1,
                "name": "forge"
              }
            ]
          },
          "downloadMonth": 16129,
          "userInstall": false,
          "populateStatus": false,
          "dependencies": [],
          "lastGameVersion": {
            "id": 49,
            "name": "1.20.4"
          },
          "updated": 1709931600000,
          "update": 1709931600000,
          "downloadALL": 11474330,
          "available": true,
          "parser": true,
          "totalComments": 0,
          "adult": false
        },
        {
          "stateGameElement": "active",
          "id": 608235,
          "name": "YDM's Weapon Master",
          "author": "yourdailymodderx",
          "linkProject": "https://www.curseforge.com/minecraft/mc-mods/ydms-weapon-master",
          "favorite": false,
          "categories": [
            {
              "id": 3,
              "name": "cosmetic",
              "shortName": "cosmetic",
              "nesting": 0
            }
          ],
          "picture": 483514,
          "pictures": [
            311448,
            311447,
            311446,
            314785,
            609130,
            601365
          ],
          "lanName": "ydms-weapon-master",
          "version": {
            "id": 5022313,
            "name": "weaponmaster_ydm-forge-1.20.1-4.2.3",
            "updateDate": 1704900245000,
            "type": "release",
            "gameVersionsDTO": [
              {
                "id": 46,
                "name": "1.20.1"
              }
            ],
            "metadata": {
              "sha1": "9fe819dc110461f55909dabbed73e4fe3bdde158",
              "size": 283977,
              "path": "mods/weaponmaster_ydm-forge-1.20.1-4.2.3.jar",
              "url": "/mods/608235/5022313/weaponmaster_ydm-forge-1.20.1-4.2.3.jar"
            },
            "available": false,
            "minecraftVersionTypes": [
              {
                "id": 1,
                "name": "forge"
              }
            ]
          },
          "downloadMonth": 0,
          "userInstall": false,
          "populateStatus": false,
          "dependencies": [],
          "lastGameVersion": {
            "id": 49,
            "name": "1.20.4"
          },
          "updated": 1705870800000,
          "update": 1705870800000,
          "downloadALL": 419444,
          "available": true,
          "parser": true,
          "totalComments": 0,
          "adult": false
        },
        {
          "stateGameElement": "active",
          "id": 690139,
          "name": "Enemy Expansion",
          "author": "infernalstudios",
          "linkProject": "https://www.curseforge.com/minecraft/mc-mods/enemy-expansion",
          "favorite": false,
          "categories": [
            {
              "id": 4,
              "name": "armor_weapons_tools",
              "shortName": "military",
              "nesting": 0
            },
            {
              "id": 13,
              "name": "world_mobs",
              "shortName": "mobs",
              "nesting": 0
            }
          ],
          "picture": 501080,
          "pictures": [],
          "lanName": "enemy-expansion",
          "version": {
            "id": 5246329,
            "name": "enemyexpansion-2.2.1-1.20.1",
            "updateDate": 1712584548000,
            "gameVersionsDTO": [
              {
                "id": 46,
                "name": "1.20.1"
              }
            ],
            "metadata": {
              "sha1": "7191a14afea82a7b1b5afdec95f24b34281f2489",
              "size": 963205,
              "path": "mods/enemyexpansion-2.2.1-1.20.1.jar",
              "url": "/mods/690139/5246329/enemyexpansion-2.2.1-1.20.1.jar"
            },
            "available": false,
            "minecraftVersionTypes": [
              {
                "id": 1,
                "name": "forge"
              }
            ]
          },
          "downloadMonth": 0,
          "userInstall": false,
          "populateStatus": false,
          "dependencies": [],
          "lastGameVersion": {
            "id": 46,
            "name": "1.20.1"
          },
          "updated": 1711918800000,
          "update": 1711918800000,
          "downloadALL": 26710,
          "available": true,
          "parser": true,
          "totalComments": 0,
          "adult": false
        },
        {
          "stateGameElement": "active",
          "id": 561625,
          "name": "Creeper Overhaul",
          "author": "joosh_7889",
          "linkProject": "https://www.curseforge.com/minecraft/mc-mods/creeper-overhaul",
          "favorite": false,
          "categories": [
            {
              "id": 13,
              "name": "world_mobs",
              "shortName": "mobs",
              "nesting": 0
            },
            {
              "id": 3,
              "name": "cosmetic",
              "shortName": "cosmetic",
              "nesting": 0
            },
            {
              "id": 29,
              "name": "world_gen",
              "shortName": "world",
              "nesting": 0
            }
          ],
          "picture": 485704,
          "pictures": [
            272513,
            272516,
            272507,
            272512,
            272509,
            272514,
            272517,
            272518,
            272519,
            272511,
            272508,
            272506,
            272510,
            272515,
            395521
          ],
          "lanName": "creeper-overhaul",
          "version": {
            "id": 5125710,
            "name": "creeperoverhaul-3.0.2-forge",
            "updateDate": 1708530443000,
            "type": "release",
            "gameVersionsDTO": [
              {
                "id": 45,
                "name": "1.20"
              },
              {
                "id": 46,
                "name": "1.20.1"
              }
            ],
            "metadata": {
              "sha1": "01e3275d3eb586c953ac786b1afee6e473eef947",
              "size": 1456860,
              "path": "mods/creeperoverhaul-3.0.2-forge.jar",
              "url": "/mods/561625/5125710/creeperoverhaul-3.0.2-forge.jar"
            },
            "available": false,
            "minecraftVersionTypes": [
              {
                "id": 1,
                "name": "forge"
              }
            ]
          },
          "downloadMonth": 0,
          "userInstall": false,
          "populateStatus": false,
          "dependencies": [],
          "lastGameVersion": {
            "id": 46,
            "name": "1.20.1"
          },
          "updated": 1708462800000,
          "update": 1708462800000,
          "downloadALL": 163569,
          "available": true,
          "parser": true,
          "totalComments": 0,
          "adult": false
        },
        {
          "stateGameElement": "active",
          "id": 878431,
          "name": "From the shadows",
          "author": "sonmok14 sonmok14",
          "linkProject": "https://www.curseforge.com/minecraft/mc-mods/from-the-shadows",
          "favorite": false,
          "categories": [
            {
              "id": 55,
              "name": "adventure_and_rpg",
              "shortName": "roleplay",
              "nesting": 0
            },
            {
              "id": 4,
              "name": "armor_weapons_tools",
              "shortName": "military",
              "nesting": 0
            },
            {
              "id": 13,
              "name": "world_mobs",
              "shortName": "mobs",
              "nesting": 0
            }
          ],
          "picture": 609605,
          "pictures": [
            487010,
            487009,
            499435,
            487011
          ],
          "lanName": "from-the-shadows1",
          "version": {
            "id": 5053370,
            "name": "fromtheshadows-1.592",
            "updateDate": 1705964602000,
            "type": "release",
            "gameVersionsDTO": [
              {
                "id": 46,
                "name": "1.20.1"
              }
            ],
            "metadata": {
              "sha1": "62d392465a9cdf39821cddf0284dfdaad9b0d719",
              "size": 2086259,
              "path": "mods/fromtheshadows-1.592.jar",
              "url": "/mods/878431/5053370/fromtheshadows-1.592.jar"
            },
            "available": false,
            "minecraftVersionTypes": [
              {
                "id": 1,
                "name": "forge"
              }
            ]
          },
          "downloadMonth": 0,
          "userInstall": false,
          "populateStatus": false,
          "dependencies": [],
          "lastGameVersion": {
            "id": 46,
            "name": "1.20.1"
          },
          "updated": 1705957200000,
          "update": 1705957200000,
          "downloadALL": 14219,
          "available": true,
          "parser": true,
          "totalComments": 0,
          "adult": false
        },
        {
          "stateGameElement": "active",
          "id": 348521,
          "name": "Cloth Config API (FabricForgeNeoForge)",
          "author": "shedaniel",
          "linkProject": "https://www.curseforge.com/minecraft/mc-mods/cloth-config",
          "favorite": false,
          "categories": [
            {
              "id": 7,
              "name": "library_api",
              "shortName": "api",
              "nesting": 0
            }
          ],
          "picture": 472068,
          "pictures": [],
          "lanName": "cloth-config-forge",
          "version": {
            "id": 4973441,
            "name": "cloth-config-11.1.118-forge",
            "updateDate": 1703153844000,
            "type": "release",
            "gameVersionsDTO": [
              {
                "id": 46,
                "name": "1.20.1"
              },
              {
                "id": 45,
                "name": "1.20"
              }
            ],
            "metadata": {
              "sha1": "c46ca3fba95691873a765f4e79750c615f33e446",
              "size": 1168391,
              "path": "mods/cloth-config-11.1.118-forge.jar",
              "url": "/mods/348521/4973441/cloth-config-11.1.118-forge.jar"
            },
            "available": false,
            "minecraftVersionTypes": [
              {
                "id": 1,
                "name": "forge"
              }
            ]
          },
          "downloadMonth": 155,
          "userInstall": false,
          "populateStatus": false,
          "dependencies": [],
          "lastGameVersion": {
            "id": 50,
            "name": "1.20.5"
          },
          "updated": 1713906000000,
          "update": 1713906000000,
          "downloadALL": 6593143,
          "available": true,
          "parser": true,
          "totalComments": 0,
          "adult": false
        },
        {
          "stateGameElement": "active",
          "id": 419699,
          "name": "Architectury API (FabricForgeNeoForge)",
          "author": "shedaniel",
          "linkProject": "https://www.curseforge.com/minecraft/mc-mods/architectury-api",
          "favorite": false,
          "categories": [
            {
              "id": 7,
              "name": "library_api",
              "shortName": "api",
              "nesting": 0
            }
          ],
          "picture": 451895,
          "pictures": [],
          "lanName": "architectury-forge",
          "version": {
            "id": 5137938,
            "name": "architectury-9.2.14-forge",
            "updateDate": 1708953539000,
            "type": "release",
            "gameVersionsDTO": [
              {
                "id": 45,
                "name": "1.20"
              },
              {
                "id": 46,
                "name": "1.20.1"
              }
            ],
            "metadata": {
              "sha1": "a52918a500ff421180a1cbd1a0cabee712134ec4",
              "size": 580602,
              "path": "mods/architectury-9.2.14-forge.jar",
              "url": "/mods/419699/5137938/architectury-9.2.14-forge.jar"
            },
            "available": false,
            "minecraftVersionTypes": [
              {
                "id": 1,
                "name": "forge"
              }
            ]
          },
          "downloadMonth": 78,
          "userInstall": false,
          "populateStatus": false,
          "dependencies": [],
          "lastGameVersion": {
            "id": 50,
            "name": "1.20.5"
          },
          "updated": 1713906000000,
          "update": 1713906000000,
          "downloadALL": 4575623,
          "available": true,
          "parser": true,
          "totalComments": 0,
          "adult": false
        },
        {
          "stateGameElement": "active",
          "id": 509041,
          "name": "Epic Knights Shields, Armor and Weapons [Fabric & Forge]",
          "author": "magistu_",
          "linkProject": "https://www.curseforge.com/minecraft/mc-mods/epic-knights-armor-and-weapons",
          "favorite": false,
          "categories": [
            {
              "id": 55,
              "name": "adventure_and_rpg",
              "shortName": "roleplay",
              "nesting": 0
            },
            {
              "id": 4,
              "name": "armor_weapons_tools",
              "shortName": "military",
              "nesting": 0
            }
          ],
          "picture": 494011,
          "pictures": [
            251803,
            498471,
            241444,
            335777,
            498470,
            288172,
            241442,
            246708,
            246709,
            288171,
            250107,
            241443,
            251804,
            498472,
            498473,
            250108
          ],
          "lanName": "epic-knights-armor-and-weapons",
          "version": {
            "id": 5254836,
            "name": "[1.20.1-forge]-Epic-Knights-9.8",
            "updateDate": 1712867401000,
            "type": "release",
            "gameVersionsDTO": [
              {
                "id": 46,
                "name": "1.20.1"
              }
            ],
            "metadata": {
              "sha1": "caa3f0b31841ecc71b6085bbda0e0d177d5780b3",
              "size": 2462634,
              "path": "mods/[1.20.1-forge]-Epic-Knights-9.8.jar",
              "url": "/mods/509041/5254836/%5B1.20.1-forge%5D-Epic-Knights-9.8.jar"
            },
            "available": false,
            "minecraftVersionTypes": [
              {
                "id": 1,
                "name": "forge"
              }
            ]
          },
          "downloadMonth": 0,
          "userInstall": false,
          "populateStatus": false,
          "dependencies": [
            {
              "gameType": "mod",
              "id": 332,
              "name": "Cloth Config API (FabricForgeNeoForge)",
              "gameEntityId": 348521,
              "dependencyType": "required"
            },
            {
              "gameType": "mod",
              "id": 422,
              "name": "Architectury API (FabricForgeNeoForge)",
              "gameEntityId": 419699,
              "dependencyType": "required"
            }
          ],
          "lastGameVersion": {
            "id": 47,
            "name": "1.20.2"
          },
          "updated": 1712264400000,
          "update": 1712264400000,
          "downloadALL": 1463422,
          "available": true,
          "parser": true,
          "totalComments": 0,
          "adult": false
        },
        {
          "stateGameElement": "active",
          "id": 239197,
          "name": "CraftTweaker",
          "author": "jaredlll08 StanH",
          "linkProject": "https://www.curseforge.com/minecraft/mc-mods/crafttweaker",
          "favorite": false,
          "categories": [
            {
              "id": 15,
              "name": "server_utility",
              "shortName": "plugins",
              "nesting": 0
            },
            {
              "id": 7,
              "name": "library_api",
              "shortName": "api",
              "nesting": 0
            },
            {
              "id": 69,
              "name": "crafttweaker",
              "shortName": "crafttweaker",
              "nesting": 0
            }
          ],
          "picture": 451794,
          "pictures": [],
          "lanName": "crafttweaker",
          "version": {
            "id": 5210454,
            "name": "forge-1.20.1-14.0.38",
            "updateDate": 1711377768000,
            "type": "release",
            "gameVersionsDTO": [
              {
                "id": 46,
                "name": "1.20.1"
              }
            ],
            "metadata": {
              "sha1": "e2cde6cfcac505ad4e9c2a03f7a10575ad22a594",
              "size": 3260441,
              "path": "mods/CraftTweaker-forge-1.20.1-14.0.38.jar",
              "url": "/mods/239197/5210454/CraftTweaker-forge-1.20.1-14.0.38.jar"
            },
            "available": false,
            "minecraftVersionTypes": [
              {
                "id": 1,
                "name": "forge"
              }
            ]
          },
          "downloadMonth": 1021,
          "userInstall": false,
          "populateStatus": false,
          "dependencies": [
            {
              "gameType": "mod",
              "id": 2,
              "name": "Fabric API",
              "gameEntityId": 306612,
              "dependencyType": "required"
            },
            {
              "gameType": "mod",
              "id": 5254,
              "name": "Faux Custom Entity Data",
              "gameEntityId": 575305,
              "dependencyType": "required"
            }
          ],
          "lastGameVersion": {
            "id": 49,
            "name": "1.20.4"
          },
          "updated": 1713819600000,
          "update": 1713819600000,
          "downloadALL": 2597899,
          "available": true,
          "parser": true,
          "totalComments": 0,
          "adult": false
        },
        {
          "stateGameElement": "active",
          "id": 848381,
          "name": "Epic Samurai's - Forge",
          "author": "veroxuniverse",
          "linkProject": "https://www.curseforge.com/minecraft/mc-mods/epic-samurais",
          "favorite": false,
          "categories": [
            {
              "id": 23,
              "name": "world_ores_resources",
              "shortName": "ores",
              "nesting": 0
            },
            {
              "id": 4,
              "name": "armor_weapons_tools",
              "shortName": "military",
              "nesting": 0
            },
            {
              "id": 13,
              "name": "world_mobs",
              "shortName": "mobs",
              "nesting": 0
            }
          ],
          "picture": 457180,
          "pictures": [
            457975,
            474567,
            457972,
            496980,
            496979,
            434347,
            474568,
            434346,
            496977,
            496978,
            434344,
            457973,
            457977,
            474566,
            434345,
            496981,
            552914,
            457974,
            457976
          ],
          "lanName": "epic-samurais",
          "version": {
            "id": 5216519,
            "name": "epicsamurai-0.0.42-1.20.1-neo",
            "updateDate": 1711574959000,
            "type": "beta",
            "gameVersionsDTO": [
              {
                "id": 46,
                "name": "1.20.1"
              }
            ],
            "metadata": {
              "sha1": "0dcb4f7f6daec36addc5ad2305a1057b5b5ee16f",
              "size": 2318619,
              "path": "mods/epicsamurai-0.0.42-1.20.1-neo.jar",
              "url": "/mods/848381/5216519/epicsamurai-0.0.42-1.20.1-neo.jar"
            },
            "available": false,
            "minecraftVersionTypes": [
              {
                "id": 1,
                "name": "forge"
              }
            ]
          },
          "downloadMonth": 0,
          "userInstall": false,
          "populateStatus": false,
          "dependencies": [],
          "lastGameVersion": {
            "id": 46,
            "name": "1.20.1"
          },
          "updated": 1711573200000,
          "update": 1711573200000,
          "downloadALL": 198644,
          "available": true,
          "parser": true,
          "totalComments": 0,
          "adult": false
        },
        {
          "stateGameElement": "active",
          "id": 535291,
          "name": "MCA Reborn [FabricForge]",
          "author": "jahx_senpoopie",
          "linkProject": "https://www.curseforge.com/minecraft/mc-mods/minecraft-comes-alive-reborn",
          "favorite": false,
          "categories": [
            {
              "id": 23,
              "name": "world_ores_resources",
              "shortName": "ores",
              "nesting": 0
            },
            {
              "id": 55,
              "name": "adventure_and_rpg",
              "shortName": "roleplay",
              "nesting": 0
            },
            {
              "id": 4,
              "name": "armor_weapons_tools",
              "shortName": "military",
              "nesting": 0
            },
            {
              "id": 33,
              "name": "technology_genetics",
              "shortName": "genetics",
              "nesting": 0
            },
            {
              "id": 13,
              "name": "world_mobs",
              "shortName": "mobs",
              "nesting": 0
            }
          ],
          "picture": 454340,
          "pictures": [
            287460,
            389699,
            389700,
            287459,
            543093,
            287462,
            287461
          ],
          "lanName": "minecraft-comes-alive-reborn",
          "version": {
            "id": 5104317,
            "name": "minecraft-comes-alive-7.5.14+1.20.1-universal",
            "updateDate": 1707817740000,
            "type": "release",
            "gameVersionsDTO": [
              {
                "id": 46,
                "name": "1.20.1"
              }
            ],
            "metadata": {
              "sha1": "4fe948eaef856235d9b0fbd19696d93893bcb5ef",
              "size": 12266786,
              "path": "mods/minecraft-comes-alive-7.5.14+1.20.1-universal.jar",
              "url": "/mods/535291/5104317/minecraft-comes-alive-7.5.14+1.20.1-universal.jar"
            },
            "available": false,
            "minecraftVersionTypes": [
              {
                "id": 2,
                "name": "fabric"
              },
              {
                "id": 1,
                "name": "forge"
              },
              {
                "id": 4,
                "name": "quilt"
              }
            ]
          },
          "downloadMonth": 0,
          "userInstall": false,
          "populateStatus": false,
          "dependencies": [
            {
              "gameType": "mod",
              "id": 422,
              "name": "Architectury API (FabricForgeNeoForge)",
              "gameEntityId": 419699,
              "dependencyType": "required"
            },
            {
              "gameType": "mod",
              "id": 1295,
              "name": "Fabric API",
              "gameEntityId": 306612,
              "dependencyType": "optional"
            },
            {
              "gameType": "mod",
              "id": 4226,
              "name": "Quilted Fabric API (QFAPI)  Quilt Standard Libraries (QSL)",
              "gameEntityId": 634179,
              "dependencyType": "optional"
            }
          ],
          "lastGameVersion": {
            "id": 49,
            "name": "1.20.4"
          },
          "updated": 1707771600000,
          "update": 1707771600000,
          "downloadALL": 534409,
          "available": true,
          "parser": true,
          "totalComments": 0,
          "adult": false
        },
        {
          "stateGameElement": "active",
          "id": 237307,
          "name": "Cosmetic Armor Reworked",
          "author": "ZLainSama",
          "linkProject": "https://www.curseforge.com/minecraft/mc-mods/cosmetic-armor-reworked",
          "favorite": false,
          "categories": [
            {
              "id": 3,
              "name": "cosmetic",
              "shortName": "cosmetic",
              "nesting": 0
            }
          ],
          "picture": 477464,
          "pictures": [],
          "lanName": "cosmetic-armor-reworked",
          "version": {
            "id": 4600191,
            "name": "cosmeticarmorreworked-1.20.1-v1a",
            "updateDate": 1687294800000,
            "type": "release",
            "gameVersionsDTO": [
              {
                "id": 46,
                "name": "1.20.1"
              }
            ],
            "metadata": {
              "sha1": "afd9fa3fe95e8c086e8d439df403ed1e5ea5cbea",
              "size": 88752,
              "path": "mods/cosmeticarmorreworked-1.20.1-v1a.jar",
              "url": "/mods/237307/4600191/cosmeticarmorreworked-1.20.1-v1a.jar"
            },
            "available": false,
            "minecraftVersionTypes": [
              {
                "id": 1,
                "name": "forge"
              }
            ]
          },
          "downloadMonth": 6305,
          "userInstall": false,
          "populateStatus": false,
          "dependencies": [],
          "lastGameVersion": {
            "id": 49,
            "name": "1.20.4"
          },
          "updated": 1708722000000,
          "update": 1708722000000,
          "downloadALL": 5221514,
          "available": true,
          "parser": true,
          "totalComments": 0,
          "adult": false
        }
      ],
      "resourcePacks": [],
      "maps": [],
      "shaderpacks": [],
      "gameVersionDTO": {
        "id": 46,
        "name": "1.20.1"
      },
      "minecraftVersionName": {
        "id": 3709,
        "name": "47.2.30"
      },
      "id": -68982650523401,
      "name": "1.0",
      "available": false,
      "minecraftVersionTypes": [
        {
          "id": 1,
          "name": "forge"
        }
      ]
    },
    "userInstall": false,
    "populateStatus": false,
    "available": false,
    "parser": false,
    "totalComments": 0
  },
  "source": "local_version_repo",
  "jar": "1.20.1",
  "skinVersion": false
}